epoch,lr,loss,iou,dice,val_loss,val_iou,val_dice
0.0,1e-05,1.19221616965003,0.0006679510226351838,0.0013213388150210945,1.170763091583917,3.228480609253842e-05,0.0014806684038520797
1.0,1e-05,1.1621727935365729,0.05152871035123499,0.0016086760667133944,1.1543239494467785,0.12111881625185313,0.0017435581134747893
